<xml>
	<source>Saber</source>	
	<type name="light">
		<cost>5</cost>
		<region x="0" y="0" width="128" height="320" hTile="32" vTile="32"/>
		<hp>80</hp>
		<mp>100</mp>
		<atk>12</atk>
		<def>10</def>
		<range>3</range>
		<maxsteps>10</maxsteps>
		<maxoperation>2</maxoperation>
		<attack>
			<animation class="GameActorAttackAnimation" source="006-Weapon01" duration="1" interval="5">
				<region x="0" y="192" width="960" height="192" hTile="192" vTile="192" />
			</animation>
			<sound>096-Attack08.ogg</sound>
			<atk>12</atk>
			<range>3</range>
		</attack>
		
		<skill range="1">
			<animation class="GameActorAttackAnimation" source="SaberSkill_slash_effect_002" duration="1" interval="5">
				<region x="0" y="960" width="960" height="192" hTile="192" vTile="192" />
			</animation>
			<sound>100-Attack12.ogg</sound>
			<method name="skillAttack">
			    <arg key="atk">60</arg>
			</method>
		</skill>
	</type>
	
	<type name="heavy">
		<cost>10</cost>
		<region x="0" y="3072" width="128" height="320" hTile="32" vTile="32"/>
		<hp>200</hp>
		<mp>100</mp>
		<atk>40</atk>
		<def>50</def>
		<range>2</range>
		<maxsteps>10</maxsteps>
		<maxoperation>1</maxoperation>
		<attack>
			<animation class="GameActorAttackAnimation" source="006-Weapon01" duration="1" interval="5">
				<region x="0" y="192" width="960" height="192" hTile="192" vTile="192" />
			</animation>
			<sound>096-Attack08.ogg</sound>
			<atk>40</atk>
			<range>2</range>
		</attack>
		<skill range="2">
			<animation class="GameActorAttackAnimation" source="SaberSkill_slash_effect_002" duration="1" interval="2">
				<region x="0" y="768" width="960" height="192" hTile="192" vTile="192" />
			</animation>
			<sound>098-Attack10.ogg</sound>
			<method name="areaAttack">
			    <arg key="atk">80</arg>
			</method>
		</skill>
	</type>
</xml>